sequence,pos,strand,efficiency_mu,uncertainty_sigma,off_target_risk_R,designer_score_S
CTGTTCCCCTTTGGGGGGGGGGG,9,+,0.12729530036449432,0.644667146896511,0.0,-0.0016381293535232544
CCCTGTTCCCCTTTGGGGGGGGG,7,+,0.12496230006217957,0.6427170926495548,0.0,-0.003581121563911438
CCTGTTCCCCTTTGGGGGGGGGG,8,+,0.12139547616243362,0.638216387601113,0.0,-0.00624779611825943
TGTTCCCCTTTGGGGGGGGGGGG,10,+,0.11521312594413757,0.6303045061577067,0.0,-0.010847777128219604
GTTCCCCTTTGGGGGGGGGGGGG,11,+,0.10852131247520447,0.6224842468114753,0.0,-0.01597554236650467
CCCCTGTTCCCCTTTGGGGGGGG,6,+,0.10853826254606247,0.6235499750237067,0.0,-0.016171738505363464
CCCCCTGTTCCCCTTTGGGGGGG,5,+,0.10251922160387039,0.6167958655706501,0.0,-0.02083994448184967
CCCTTTGGGGGGGGGGGGGGGGG,15,+,0.10190767049789429,0.6140695259476713,0.0,-0.0209062322974205
CCCCCCTGTTCCCCTTTGGGGGG,4,+,0.10245831310749054,0.6170898458652928,0.0,-0.020959660410881042
CCCCCCCTGTTCCCCTTTGGGGG,3,+,0.10159362107515335,0.6163483728301461,0.0,-0.02167605608701706
CCCCCCCCTGTTCCCCTTTGGGG,2,+,0.10109017044305801,0.6159890801113416,0.0,-0.022107645869255066
TTCCCCTTTGGGGGGGGGGGGGG,12,+,0.10057661682367325,0.6136368414935581,0.0,-0.022150754928588867
CCCCCCCCCTGTTCCCCTTTGGG,1,+,0.09848669171333313,0.6132355675689333,0.0,-0.02416042983531952
CCTTTGGGGGGGGGGGGGGGGGG,16,+,0.09747257828712463,0.6089962614387451,0.0,-0.02432667464017868
TCCCCTTTGGGGGGGGGGGGGGG,13,+,0.0968891829252243,0.6094483058493497,0.0,-0.02500048279762268
CCCCTTTGGGGGGGGGGGGGGGG,14,+,0.09575159102678299,0.6078861745373308,0.0,-0.02582564949989319
ACCCCCCCCCTGTTCCCCTTTGG,0,+,0.09427635371685028,0.6105108880493431,0.0,-0.027825824916362762
CTTTGGGGGGGGGGGGGGGGGGG,17,+,0.09236756712198257,0.6037500361067426,0.0,-0.028382442891597748
TTTGGGGGGGGGGGGGGGGGGGG,18,+,0.08830323070287704,0.6000444795281205,0.0,-0.031705670058727264
TGGGGGGGGGGGGGGGGGGGGGG,20,+,0.08814039826393127,0.5999361545368869,0.0,-0.03184682875871658
GGGGGGGGGGGGGGGGGGGGGGG,51,+,0.08795862644910812,0.5996938576363997,0.0,-0.03198014199733734
GGGGGGGGGGGGGGGGGGGGGGG,44,+,0.08795862644910812,0.5996938576363997,0.0,-0.03198014199733734
GGGGGGGGGGGGGGGGGGGGGGG,38,+,0.08795862644910812,0.5996938576363997,0.0,-0.03198014199733734
GGGGGGGGGGGGGGGGGGGGGGG,39,+,0.08795862644910812,0.5996938576363997,0.0,-0.03198014199733734
GGGGGGGGGGGGGGGGGGGGGGG,40,+,0.08795862644910812,0.5996938576363997,0.0,-0.03198014199733734
GGGGGGGGGGGGGGGGGGGGGGG,41,+,0.08795862644910812,0.5996938576363997,0.0,-0.03198014199733734
GGGGGGGGGGGGGGGGGGGGGGG,42,+,0.08795862644910812,0.5996938576363997,0.0,-0.03198014199733734
GGGGGGGGGGGGGGGGGGGGGGG,43,+,0.08795862644910812,0.5996938576363997,0.0,-0.03198014199733734
GGGGGGGGGGGGGGGGGGGGGGG,45,+,0.08795862644910812,0.5996938576363997,0.0,-0.03198014199733734
GGGGGGGGGGGGGGGGGGGGGGG,36,+,0.08795862644910812,0.5996938576363997,0.0,-0.03198014199733734
GGGGGGGGGGGGGGGGGGGGGGG,46,+,0.08795862644910812,0.5996938576363997,0.0,-0.03198014199733734
GGGGGGGGGGGGGGGGGGGGGGG,47,+,0.08795862644910812,0.5996938576363997,0.0,-0.03198014199733734
GGGGGGGGGGGGGGGGGGGGGGG,48,+,0.08795862644910812,0.5996938576363997,0.0,-0.03198014199733734
GGGGGGGGGGGGGGGGGGGGGGG,49,+,0.08795862644910812,0.5996938576363997,0.0,-0.03198014199733734
GGGGGGGGGGGGGGGGGGGGGGG,50,+,0.08795862644910812,0.5996938576363997,0.0,-0.03198014199733734
GGGGGGGGGGGGGGGGGGGGGGG,37,+,0.08795862644910812,0.5996938576363997,0.0,-0.03198014199733734
GGGGGGGGGGGGGGGGGGGGGGG,26,+,0.08795862644910812,0.5996938576363997,0.0,-0.03198014199733734
GGGGGGGGGGGGGGGGGGGGGGG,35,+,0.08795862644910812,0.5996938576363997,0.0,-0.03198014199733734
GGGGGGGGGGGGGGGGGGGGGGG,34,+,0.08795862644910812,0.5996938576363997,0.0,-0.03198014199733734
GGGGGGGGGGGGGGGGGGGGGGG,33,+,0.08795862644910812,0.5996938576363997,0.0,-0.03198014199733734
GGGGGGGGGGGGGGGGGGGGGGG,32,+,0.08795862644910812,0.5996938576363997,0.0,-0.03198014199733734
GGGGGGGGGGGGGGGGGGGGGGG,31,+,0.08795862644910812,0.5996938576363997,0.0,-0.03198014199733734
GGGGGGGGGGGGGGGGGGGGGGG,30,+,0.08795862644910812,0.5996938576363997,0.0,-0.03198014199733734
GGGGGGGGGGGGGGGGGGGGGGG,29,+,0.08795862644910812,0.5996938576363997,0.0,-0.03198014199733734
GGGGGGGGGGGGGGGGGGGGGGG,28,+,0.08795862644910812,0.5996938576363997,0.0,-0.03198014199733734
GGGGGGGGGGGGGGGGGGGGGGG,27,+,0.08795862644910812,0.5996938576363997,0.0,-0.03198014199733734
GGGGGGGGGGGGGGGGGGGGGGG,25,+,0.08795862644910812,0.5996938576363997,0.0,-0.03198014199733734
GGGGGGGGGGGGGGGGGGGGGGG,24,+,0.08795862644910812,0.5996938576363997,0.0,-0.03198014199733734
GGGGGGGGGGGGGGGGGGGGGGG,23,+,0.08795862644910812,0.5996938576363997,0.0,-0.03198014199733734
GGGGGGGGGGGGGGGGGGGGGGG,22,+,0.08795862644910812,0.5996938576363997,0.0,-0.03198014199733734
GGGGGGGGGGGGGGGGGGGGGGG,21,+,0.08795862644910812,0.5996938576363997,0.0,-0.03198014199733734
GGGGGGGGGGGGGGGGGGGGGGG,52,+,0.08795862644910812,0.5996938576363997,0.0,-0.03198014199733734
TTGGGGGGGGGGGGGGGGGGGGG,19,+,0.08780911564826965,0.5998391073648083,0.0,-0.03215870261192322
